restaurant,food,ambience,service,cost
test,1.670189198158167,1.8776859579722553,1.9405802927411366,1.744444444444444
cafe dalal street,1.5717699997363608,1.903810058606032,1.3581480907878734,1.0890219155844156
jungle jumboore,0.23432685798358827,1.8048215377059915,0.5191433266142227,1.640625
