restaurant,food,ambience,service,cost
test_restaurant,1.67,1.87,1.94,1.7
cafe dalal street,1.57,1.903810058606032,1.3,1.08
jungle jumboore,0.23,1.8,0.5,1.6
PitaPit,1.7624244014594894,1.6963900134952767,1.5145114388535441,2.0
test,1.6523862663463684,1.3865277777777778,1.5430405440685047,2.0
