sno.,food,service,ambience,cost
1,-3.0,4.047619047619048,2.8125,-10000
2,4.776315789473683,2.962962962962963,6.428571428571429,-10000
3,4.044117647058823,3.75,1.5441176470588236,-10000
