sno.,food,service,ambience,cost
1,-3.0,2.3529411764705883,2.0,-10000
3,2.5,2.0,2.0,-10000
4,2.3404255319148937,2.0,8.333333333333334,-10000
5,1.875,-10000,-10000,-10000
6,3.0,-10000,4.0,-10000
7,-10000,3.3333333333333335,2.0,-10000
8,3.0434782608695654,-10000,-10000,-10000
9,1.7647058823529411,-10000,-10000,-10000
10,5.0,-10000,-10000,-10000
