sno.,food,service,ambience,cost
1,-0.5405405405405405,4.047619047619048,2.0,-10000
2,1.780487804878049,2.962962962962963,5.714285714285714,-10000
3,4.044117647058823,2.0,1.5441176470588236,-10000
5,1.702127659574468,2.0,8.333333333333334,-10000
6,1.795977011494253,-10000,1.0,-10000
7,-0.703125,-10000,4.0,-10000
8,7.142857142857143,3.181818181818182,3.05,-10000
9,3.7916666666666665,-10000,-10000,-10000
